Workbook

Sheet Catálogo de Productos
A1: CATÁLOGO MAESTRO DE COMPONENTES Y PRODUCTOS ELECTRÓNICOS
A2: Lista oficial de inventario, referencias técnicas, precios unitarios en Moneda Nacional (MXN) y existencias en almacén.
A4: 🆔 ID | B4: 🖼️ Ref. Visual / Miniatura | C4: 📦 Producto | D4: 🗂️ Categoría | E4: 🔢 Valor / Modelo | F4: 🏷️ Marca | G4: 💰 Precio (MXN) | H4: 📊 Stock (Pzas) | I4: 📝 Descripción
A5: AUD-001 | B5: [Foto: Micrófono Condensador] | C5: Cápsula Micrófono Electret | D5: Audio | E5: 9x7 mm / -42dB | F5: Steren | G5: 18.5 | H5: 150 | I5: Micrófono omnidireccional de condensador para circuitos de captura y amplificación.
A6: AUD-002 | B6: [Foto: Módulo Amplificador] | C6: Módulo Amplificador de Audio Digital | D6: Audio | E6: PAM8403 (3W+3W) | F6: Generic | G6: 35 | H6: 85 | I6: Mini amplificador estéreo clase D de alta eficiencia con alimentación de 5V DC.
A7: AUD-003 | B7: [Foto: Jack 3.5mm PCB] | C7: Conector Hembra Jack 3.5mm | D7: Audio | E7: PJ-320A (5 Pines) | F7: Amphenol | G7: 14 | H7: 200 | I7: Conector de audio estéreo para montaje superficial o PCB estándar.
A8: AUD-004 | B8: [Foto: Bocina Miniatura] | C8: Bocina Miniatura / Altavoz | D8: Audio | E8: 8 Ohms 0.5W (40mm) | F8: Steren | G8: 28 | H8: 90 | I8: Altavoz magnético de bajo perfil para intercomunicadores y proyectos IoT.
A9: AUD-005 | B9: [Foto: Módulo Grabador ISD] | C9: Módulo Grabador y Reproductor de Voz | D9: Audio | E9: ISD1820 c/ Bocina | F9: Keyes | G9: 75 | H9: 45 | I9: Módulo de grabación de audio de hasta 10 segundos con micrófono incorporado.
A10: AUD-006 | B10: [Foto: Receptor BT Audio] | C10: Receptor de Audio Bluetooth 5.0 | D10: Audio | E10: XY-BT-Mini | F10: HiLetgo | G10: 65 | H10: 60 | I10: Módulo decodificador Bluetooth estéreo con salida jack 3.5mm y micro USB.
A11: CMP-001 | B11: [Foto: Pasta Térmica] | C11: Pasta Térmica Disipadora | D11: Computación | E11: HY510 (Jeringa 10g) | F11: Halnziye | G11: 55 | H11: 70 | I11: Compuesto térmico de alta conductividad para CPU, GPU y disipadores de potencia.
A12: CMP-002 | B12: [Foto: Convertidor USB UART] | C12: Módulo Conversor USB a Serial TTL | D12: Computación | E12: CP2102 UART Bridge | F12: Silicon Labs | G12: 78 | H12: 50 | I12: Interfaz programadora y depuradora serial para microcontroladores y routers.
A13: CMP-003 | B13: [Foto: Ventilador 12V 80mm] | C13: Ventilador Cooler de Gabinete | D13: Computación | E13: 80mm 12V 0.15A | F13: Cooler Master | G13: 95 | H13: 40 | I13: Ventilador sin escobillas (brushless) silencioso para ventilación de chasis/racks.
A14: CMP-004 | B14: [Foto: Hub USB 3.0 PCB] | C14: Hub USB 3.0 de 4 Puertos | D14: Computación | E14: VL817 QFN | F14: TP-Link | G14: 240 | H14: 25 | I14: Concentrador de datos USB 3.0 de alta velocidad con protección contra sobrecorriente.
A15: CMP-005 | B15: [Foto: Adaptador NVMe PCIe] | C15: Adaptador SSD NVMe M.2 a PCIe 3.0 | D15: Computación | E15: M.2 NGFF x4 Adapter | F15: UGreen | G15: 185 | H15: 30 | I15: Tarjeta de expansión interna para tarjetas madre de escritorio con disipador de aluminio.
A16: HER-001 | B16: [Foto: Cautín 60W] | C16: Cautín para Soldar de Temperatura Ajustable | D16: Herramientas | E16: 60W (200°C - 450°C) | F16: Truper | G16: 220 | H16: 35 | I16: Soldador tipo lápiz con control rotativo cerámico para armado de PCBs.
... A56: PRJ-008 | B56: [Foto: Teclado Matricial 4x3] | C56: Teclado Matricial de Membrana | D56: proyectos de electrónica | E56: 4x3 Teclas (12 Botones) | F56: Generic | G56: 32 | H56: 90 | I56: Matriz de botones numéricos con conector hembra 7 pines para sistemas de seguridad y claves.
A57: TOTALES | H57: =SUM(H5:H56) -> 4875 | I57: Promedio de precios / Suma total de unidades en existencia

Sheet Dashboard Resumen
A1: PANEL DE CONTROL Y RESUMEN EJECUTIVO DEL CATÁLOGO
A2: Métricas consolidadas por categoría, distribución de inventario y valuación total en MXN.
A4: TOTAL DE PRODUCTOS (SKUs) | C4: TOTAL UNIDADES EN STOCK | E4: VALUACIÓN TOTAL ESTIMADA (MXN)
A5: =COUNTA('Catálogo de Productos'!A5:A56) -> 52 | C5: =SUM('Catálogo de Productos'!H5:H56) -> 4875 | E5: =SUMPRODUCT('Catálogo de Productos'!G5:G56, 'Catálogo de Productos'!H5:H56) -> 317410
A8: Categoría | B8: Cant. Productos | C8: Stock Total (Pzas) | D8: Precio Promedio (MXN)
A9: Audio | B9: =COUNTIF('Catálogo de Productos'!$D$5:$D$56, A9) -> 6 | C9: =SUMIF('Catálogo de Productos'!$D$5:$D$56, A9, 'Catálogo de Productos'!$H$5:$H$56) -> 630 | D9: =AVERAGEIF('Catálogo de Productos'!$D$5:$D$56, A9, 'Catálogo de Productos'!$G$5:$G$56) -> 39.25
A10: computación | B10: =COUNTIF('Catálogo de Productos'!$D$5:$D$56, A10) -> 5 | C10: =SUMIF('Catálogo de Productos'!$D$5:$D$56, A10, 'Catálogo de Productos'!$H$5:$H$56) -> 215 | D10: =AVERAGEIF('Catálogo de Productos'!$D$5:$D$56, A10, 'Catálogo de Productos'!$G$5:$G$56) -> 130.6
A11: herramientas | B11: =COUNTIF('Catálogo de Productos'!$D$5:$D$56, A11) -> 6 | C11: =SUMIF('Catálogo de Productos'!$D$5:$D$56, A11, 'Catálogo de Productos'!$H$5:$H$56) -> 310 | D11: =AVERAGEIF('Catálogo de Productos'!$D$5:$D$56, A11, 'Catálogo de Productos'!$G$5:$G$56) -> 173
A12: cables | B12: =COUNTIF('Catálogo de Productos'!$D$5:$D$56, A12) -> 6 | C12: =SUMIF('Catálogo de Productos'!$D$5:$D$56, A12, 'Catálogo de Productos'!$H$5:$H$56) -> 930 | D12: =AVERAGEIF('Catálogo de Productos'!$D$5:$D$56, A12, 'Catálogo de Productos'!$G$5:$G$56) -> 77.583333
A13: telefonía | B13: =COUNTIF('Catálogo de Productos'!$D$5:$D$56, A13) -> 4 | C13: =SUMIF('Catálogo de Productos'!$D$5:$D$56, A13, 'Catálogo de Productos'!$H$5:$H$56) -> 625 | D13: =AVERAGEIF('Catálogo de Productos'!$D$5:$D$56, A13, 'Catálogo de Productos'!$G$5:$G$56) -> 53.875
A14: energía | B14: =COUNTIF('Catálogo de Productos'!$D$5:$D$56, A14) -> 6 | C14: =SUMIF('Catálogo de Productos'!$D$5:$D$56, A14, 'Catálogo de Productos'!$H$5:$H$56) -> 790 | D14: =AVERAGEIF('Catálogo de Productos'!$D$5:$D$56, A14, 'Catálogo de Productos'!$G$5:$G$56) -> 88.666667
A15: Artículos de Casa y Oficina | B15: =COUNTIF('Catálogo de Productos'!$D$5:$D$56, A15) -> 5 | C15: =SUMIF('Catálogo de Productos'!$D$5:$D$56, A15, 'Catálogo de Productos'!$H$5:$H$56) -> 335 | D15: =AVERAGEIF('Catálogo de Productos'!$D$5:$D$56, A15, 'Catálogo de Productos'!$G$5:$G$56) -> 130.6
A16: Seguridad (las cámaras) | B16: =COUNTIF('Catálogo de Productos'!$D$5:$D$56, A16) -> 6 | C16: =SUMIF('Catálogo de Productos'!$D$5:$D$56, A16, 'Catálogo de Productos'!$H$5:$H$56) -> 345 | D16: =AVERAGEIF('Catálogo de Productos'!$D$5:$D$56, A16, 'Catálogo de Productos'!$G$5:$G$56) -> 273
A17: proyectos de electrónica | B17: =COUNTIF('Catálogo de Productos'!$D$5:$D$56, A17) -> 8 | C17: =SUMIF('Catálogo de Productos'!$D$5:$D$56, A17, 'Catálogo de Productos'!$H$5:$H$56) -> 695 | D17: =AVERAGEIF('Catálogo de Productos'!$D$5:$D$56, A17, 'Catálogo de Productos'!$G$5:$G$56) -> 95.25
A18: TOTAL GENERAL | B18: =SUM(B9:B17) -> 52 | C18: =SUM(C9:C17) -> 4875 | D18: =AVERAGE(D9:D17) -> 117.98056
